peak_id,peak_name,height_metres,climbing_status,first_ascent_year,first_ascent_country,first_ascent_expedition_id,coord,news
AMAD,Ama Dablam,6814,Climbed,1961.0,New Zealand,AMAD61101,"('27.8621001', '86.8604289')",https://simpleflying.com/airbus-air-new-zealand-hydrogen-hub/
AMPG,Amphu Gyabjen,5630,Climbed,1953.0,UK,AMPG53101,"('27.8812212', '86.8687897')",https://www.standard.co.uk/news/london/gangs-of-london-felix-project-cost-of-living-crisis-london-b1059632.html
ANN1,Annapurna I,8091,Climbed,1950.0,France,ANN150101,"('28.5962553', '83.8270789')",https://www.24heures.ch/a-chartres-la-manif-de-ceux-qui-nont-pas-lhabitude-de-manifester-339240566819
ANN2,Annapurna II,7937,Climbed,1960.0,UK,ANN260101,"('28.5349707', '84.1218222')",https://www.standard.co.uk/news/london/gangs-of-london-felix-project-cost-of-living-crisis-london-b1059632.html
ANN3,Annapurna III,7555,Climbed,1961.0,India,ANN361101,"('28.5853509', '83.9891091')",https://www.theguardian.com/sport/2023/feb/11/cricket-india-australia-first-test-nagpur-ravichandran-ashwin-ravindra-jadeja
ANN4,Annapurna IV,7525,Climbed,1955.0,W Germany,ANN455101,"('28.5368932', '84.0835623')",https://www.thestar.com/sports/soccer/2023/02/08/reus-fires-dortmund-into-german-cup-qfs-with-win-in-bochum.html
ANNE,Annapurna I East,8026,Climbed,1974.0,Spain,ANNE74101,"('-33.0000006', '27.8761869')",https://www.liverpoolecho.co.uk/news/uk-world-news/spain-turkey-france-update-travel-26210245
ANNM,Annapurna I Middle,8051,Climbed,1980.0,W Germany,ANNM80301,"('28.5110773', '83.6615219')",https://www.thestar.com/sports/soccer/2023/02/08/reus-fires-dortmund-into-german-cup-qfs-with-win-in-bochum.html
ANNS,Annapurna South,7219,Climbed,1964.0,Japan,ANNS64301,"('28.5183959', '83.8063433')",https://www.elliotlaketoday.com/national-sports/canadas-kingsbury-claims-dual-moguls-silver-while-teammate-viel-brings-home-bronze-6528314
APIM,Api Main,7132,Climbed,1960.0,Japan,APIM60101,"('50.4653763', '4.1953511')",https://www.elliotlaketoday.com/national-sports/canadas-kingsbury-claims-dual-moguls-silver-while-teammate-viel-brings-home-bronze-6528314
BARU,Baruntse,7152,Climbed,1954.0,New Zealand,BARU54101,"('27.7203406', '85.3611116')",https://simpleflying.com/airbus-air-new-zealand-hydrogen-hub/
BAUD,Baudha,6672,Climbed,1970.0,Japan,BAUD70101,"('28.2721381', '85.6635329')",https://www.elliotlaketoday.com/national-sports/canadas-kingsbury-claims-dual-moguls-silver-while-teammate-viel-brings-home-bronze-6528314
BHEM,Bhemdang Ri,6150,Climbed,1964.0,Japan,BHEM64101,"('27.692718', '82.95547918805183')",https://www.elliotlaketoday.com/national-sports/canadas-kingsbury-claims-dual-moguls-silver-while-teammate-viel-brings-home-bronze-6528314
BHRI,Bhrikuti,6476,Climbed,1982.0,Japan,BHRI82101,"('10.4330167', '21.27055')",https://www.elliotlaketoday.com/national-sports/canadas-kingsbury-claims-dual-moguls-silver-while-teammate-viel-brings-home-bronze-6528314
BOBA,Bobaye,6808,Climbed,1996.0,Slovenia,BOBA96301,"('27.7772801', '86.98151')",https://www.gazzetta.it/montagna/07-02-2023/slovenia-piste-da-sci-imperdibili-ecco-dove-praticare-sport-sulla-neve.shtml
CHAM,Chamlang,7321,Climbed,1962.0,Japan,CHAM62101,"('30.3025938', '82.1282859')",https://www.elliotlaketoday.com/national-sports/canadas-kingsbury-claims-dual-moguls-silver-while-teammate-viel-brings-home-bronze-6528314
CHAN,Changla,6563,Climbed,2010.0,Japan,CHAN10301,"('35.4623305', '-80.6827327')",https://www.elliotlaketoday.com/national-sports/canadas-kingsbury-claims-dual-moguls-silver-while-teammate-viel-brings-home-bronze-6528314
CHMN,Chamar North,7165,Climbed,1953.0,New Zealand,CHMN53101,"(None, None)",https://simpleflying.com/airbus-air-new-zealand-hydrogen-hub/
CHEO,Cheo Himal,6820,Climbed,1991.0,Japan,CHEO91301,"('28.0967613', '86.659654')",https://www.elliotlaketoday.com/national-sports/canadas-kingsbury-claims-dual-moguls-silver-while-teammate-viel-brings-home-bronze-6528314
CHOY,Cho Oyu,8188,Climbed,1954.0,Austria,CHOY54301,"(None, None)",https://www.guelphtoday.com/national-sports/canadas-cynthia-appiah-claims-monobob-bronze-at-world-cup-stop-in-austria-6528257
CHOB,Chobuje,6686,Climbed,1972.0,W Germany,CHOB72101,"('27.9029624', '86.7687987')",https://www.thestar.com/sports/soccer/2023/02/08/reus-fires-dortmund-into-german-cup-qfs-with-win-in-bochum.html
CHOL,Cholatse,6423,Climbed,1982.0,USA,CHOL82101,"('27.9194539', '86.9819868')",https://www.stern.de/sport/weltcup-in-den-usa--wellinger-beschert-skispringern-ersten-sieg-33188270.html
CHOP,Cho Polu,6700,Climbed,1984.0,Spain,CHOP84301,"('-12.8241485', '33.3069523')",https://www.liverpoolecho.co.uk/news/uk-world-news/spain-turkey-france-update-travel-26210245
CHUL,Chulu Central,6584,Climbed,1955.0,W Germany,CHUL55201,"(None, None)",https://www.thestar.com/sports/soccer/2023/02/08/reus-fires-dortmund-into-german-cup-qfs-with-win-in-bochum.html
CHUG,Chukyima Go,6258,Climbed,2014.0,Slovenia,CHUG14301,"(None, None)",https://www.gazzetta.it/montagna/07-02-2023/slovenia-piste-da-sci-imperdibili-ecco-dove-praticare-sport-sulla-neve.shtml
CHUR,Churen Himal Central,7385,Climbed,1970.0,Japan,CHUR70301,"('28.7454053', '84.0228323')",https://www.elliotlaketoday.com/national-sports/canadas-kingsbury-claims-dual-moguls-silver-while-teammate-viel-brings-home-bronze-6528314
CHUW,Chulu West,6419,Climbed,1952.0,Japan,CHUW52301,"(None, None)",https://www.elliotlaketoday.com/national-sports/canadas-kingsbury-claims-dual-moguls-silver-while-teammate-viel-brings-home-bronze-6528314
TAPL,Taple Shikhar,6447,Climbed,1998.0,Japan,TAPL98301,"('28.024329', '86.9151856')",https://www.elliotlaketoday.com/national-sports/canadas-kingsbury-claims-dual-moguls-silver-while-teammate-viel-brings-home-bronze-6528314
CTSE,Changtse,7583,Climbed,1982.0,W Germany,CTSE82301,"('30.3467133', '78.1783676')",https://www.thestar.com/sports/soccer/2023/02/08/reus-fires-dortmund-into-german-cup-qfs-with-win-in-bochum.html
DHA1,Dhaulagiri I,8167,Climbed,1960.0,Switzerland,DHA160101,"('28.7631589', '83.3873786')",https://www.swissinfo.ch/eng/putin-opponent-mikhail-khodorkovsky-is-planning-for-a-change-of-guard-in-the-kremlin/48278272
DHA2,Dhaulagiri II,7751,Climbed,1971.0,Austria,DHA271101,"('28.7540263', '83.3771445')",https://www.guelphtoday.com/national-sports/canadas-cynthia-appiah-claims-monobob-bronze-at-world-cup-stop-in-austria-6528257
DHA3,Dhaulagiri III,7715,Climbed,1973.0,W Germany,DHA373301,"('28.7357489', '83.314379')",https://www.thestar.com/sports/soccer/2023/02/08/reus-fires-dortmund-into-german-cup-qfs-with-win-in-bochum.html
DHA4,Dhaulagiri IV,7661,Climbed,1975.0,Japan,DHA475101,"('28.734057', '83.3605794')",https://www.elliotlaketoday.com/national-sports/canadas-kingsbury-claims-dual-moguls-silver-while-teammate-viel-brings-home-bronze-6528314
DHA5,Dhaulagiri V,7618,Climbed,1975.0,Japan,DHA575101,"('28.7083897', '83.2731956')",https://www.elliotlaketoday.com/national-sports/canadas-kingsbury-claims-dual-moguls-silver-while-teammate-viel-brings-home-bronze-6528314
DHA6,Dhaulagiri VI,7268,Climbed,1970.0,Japan,DHA670101,"('28.300303', '83.858681')",https://www.elliotlaketoday.com/national-sports/canadas-kingsbury-claims-dual-moguls-silver-while-teammate-viel-brings-home-bronze-6528314
DHAM,Dhampus,6012,Climbed,1960.0,Austria,DHAM60101,"('28.2491141', '85.7479044')",https://www.guelphtoday.com/national-sports/canadas-cynthia-appiah-claims-monobob-bronze-at-world-cup-stop-in-austria-6528257
PEMK,Pemthang Karpo Ri,6865,Climbed,1955.0,Switzerland,PEMK55101,"(None, None)",https://www.swissinfo.ch/eng/putin-opponent-mikhail-khodorkovsky-is-planning-for-a-change-of-guard-in-the-kremlin/48278272
DORJ,Dorje Lhakpa,6966,Climbed,1981.0,Japan,DORJ81301,"('27.9882393', '86.925017')",https://www.elliotlaketoday.com/national-sports/canadas-kingsbury-claims-dual-moguls-silver-while-teammate-viel-brings-home-bronze-6528314
DRAN,Drangnag Ri,6757,Climbed,1995.0,Norway,DRAN95101,"('32.0426141', '110.7210616')",https://www.news18.com/news/football/delhi-court-issues-arrest-warrant-against-former-u-17-assistant-football-coach-alex-mario-ambrose-for-sexual-misconduct-7058701.html
EVER,Everest,8850,Climbed,1953.0,New Zealand,EVER53101,"('33.3052114', '126.246914')",https://simpleflying.com/airbus-air-new-zealand-hydrogen-hub/
FANG,Fang,7647,Climbed,1980.0,Austria,FANG80101,"('28.3917215', '85.1270407')",https://www.guelphtoday.com/national-sports/canadas-cynthia-appiah-claims-monobob-bronze-at-world-cup-stop-in-austria-6528257
FIRW,Firnkopf West,6745,Climbed,1987.0,Austria,FIRW87301,"('28.3789024', '85.0551861')",https://www.guelphtoday.com/national-sports/canadas-cynthia-appiah-claims-monobob-bronze-at-world-cup-stop-in-austria-6528257
GAMA,Gama Peak,7187,Climbed,1970.0,Japan,GAMA70301,"('28.3452083', '85.0795779')",https://www.elliotlaketoday.com/national-sports/canadas-kingsbury-claims-dual-moguls-silver-while-teammate-viel-brings-home-bronze-6528314
GAN1,Ganesh I,7422,Climbed,1955.0,Switzerland,GAN155301,"('28.3312446', '85.1628264')",https://www.swissinfo.ch/eng/putin-opponent-mikhail-khodorkovsky-is-planning-for-a-change-of-guard-in-the-kremlin/48278272
GAN3,Ganesh III,7043,Climbed,1979.0,Japan,GAN379301,"('28.3697277', '85.0614738')",https://www.elliotlaketoday.com/national-sports/canadas-kingsbury-claims-dual-moguls-silver-while-teammate-viel-brings-home-bronze-6528314
GAN2,Ganesh II,7118,Climbed,1981.0,W Germany,GAN281302,"('28.1693908', '85.6785419')",https://www.thestar.com/sports/soccer/2023/02/08/reus-fires-dortmund-into-german-cup-qfs-with-win-in-bochum.html
GAN4,Ganesh IV,7104,Climbed,1978.0,Japan,GAN478301,"(None, None)",https://www.elliotlaketoday.com/national-sports/canadas-kingsbury-claims-dual-moguls-silver-while-teammate-viel-brings-home-bronze-6528314
GAN5,Ganesh V,6770,Climbed,1980.0,Japan,GAN580101,"('28.605655', '83.9635144')",https://www.elliotlaketoday.com/national-sports/canadas-kingsbury-claims-dual-moguls-silver-while-teammate-viel-brings-home-bronze-6528314
GAN6,Ganesh VI,6908,Climbed,2000.0,Japan,GAN600101,"('27.81040175', '86.32205896339681')",https://www.elliotlaketoday.com/national-sports/canadas-kingsbury-claims-dual-moguls-silver-while-teammate-viel-brings-home-bronze-6528314
GANC,Ganchenpo,6378,Climbed,1971.0,USA,GANC71302,"(None, None)",https://www.stern.de/sport/weltcup-in-den-usa--wellinger-beschert-skispringern-ersten-sieg-33188270.html
GAND,Gandharva Chuli,6248,Climbed,2013.0,Romania,GAND13101,"(None, None)",https://www.promotor.ro/stiri-auto/colectionarii-din-romania-aleg-tot-mai-des-masini-din-sua-un-chevrolet-bel-air-tocmai-a-fost-inmatriculat-19145400
GANG,Gangapurna,7455,Climbed,1965.0,W Germany,GANG65101,"(None, None)",https://www.thestar.com/sports/soccer/2023/02/08/reus-fires-dortmund-into-german-cup-qfs-with-win-in-bochum.html
GAUR,Gaurishankar,7135,Climbed,1979.0,US,GAUR79101,"(None, None)",https://www.liverpoolecho.co.uk/sport/football/football-news/how-sean-dyche-using-military-26194815
GHUN,Ghustang North,6529,Climbed,1962.0,UK,GHUN62301,"(None, None)",https://www.standard.co.uk/news/london/gangs-of-london-felix-project-cost-of-living-crisis-london-b1059632.html
GHUS,Ghustang South,6465,Climbed,2019.0,France,GHUS18301,"(None, None)",https://www.24heures.ch/a-chartres-la-manif-de-ceux-qui-nont-pas-lhabitude-de-manifester-339240566819
MATA,Matathumba,5767,Climbed,1961.0,UK,MATA61101,"('50.437744', '-116.6197945')",https://www.standard.co.uk/news/london/gangs-of-london-felix-project-cost-of-living-crisis-london-b1059632.html
GHYM,Ghyuthumba Main,5806,Climbed,1953.0,Austria,GHYM53301,"('28.6741019', '83.275664')",https://www.guelphtoday.com/national-sports/canadas-cynthia-appiah-claims-monobob-bronze-at-world-cup-stop-in-austria-6528257
GIME,Gimmigela Chuli East,7007,Climbed,1993.0,Japan,GIME93301,"('28.2117364', '85.7736263')",https://www.elliotlaketoday.com/national-sports/canadas-kingsbury-claims-dual-moguls-silver-while-teammate-viel-brings-home-bronze-6528314
GIMM,Gimmigela Chuli,7350,Climbed,1994.0,Japan,GIMM94301,"('28.0980314', '86.7448435')",https://www.elliotlaketoday.com/national-sports/canadas-kingsbury-claims-dual-moguls-silver-while-teammate-viel-brings-home-bronze-6528314
GLAC,Glacier Dome,7168,Climbed,1964.0,Japan,GLAC64301,"(None, None)",https://www.elliotlaketoday.com/national-sports/canadas-kingsbury-claims-dual-moguls-silver-while-teammate-viel-brings-home-bronze-6528314
GURJ,Gurja Himal,7193,Climbed,1969.0,Japan,GURJ69301,"(None, None)",https://www.elliotlaketoday.com/national-sports/canadas-kingsbury-claims-dual-moguls-silver-while-teammate-viel-brings-home-bronze-6528314
GURK,Gurkarpo Ri,6889,Climbed,2007.0,France,GURK07301,"(None, None)",https://www.24heures.ch/a-chartres-la-manif-de-ceux-qui-nont-pas-lhabitude-de-manifester-339240566819
GYAC,Gyachung Kang,7861,Climbed,1964.0,Japan,GYAC64101,"(None, None)",https://www.elliotlaketoday.com/national-sports/canadas-kingsbury-claims-dual-moguls-silver-while-teammate-viel-brings-home-bronze-6528314
GYAJ,Gyajikang,7074,Climbed,1994.0,Japan,GYAJ94301,"(None, None)",https://www.elliotlaketoday.com/national-sports/canadas-kingsbury-claims-dual-moguls-silver-while-teammate-viel-brings-home-bronze-6528314
LEOE,Leonpo Gang East,6733,Climbed,1955.0,UK,LEOE55101,"('63.67903', '-19.40535')",https://www.standard.co.uk/news/london/gangs-of-london-felix-project-cost-of-living-crisis-london-b1059632.html
HIME,Himalchuli East,7893,Climbed,1960.0,Japan,HIME60101,"(None, None)",https://www.elliotlaketoday.com/national-sports/canadas-kingsbury-claims-dual-moguls-silver-while-teammate-viel-brings-home-bronze-6528314
HIML,Himlung Himal,7126,Climbed,1992.0,Japan,HIML92301,"('28.51', '83.85')",https://www.elliotlaketoday.com/national-sports/canadas-kingsbury-claims-dual-moguls-silver-while-teammate-viel-brings-home-bronze-6528314
HIMN,Himalchuli North,7331,Climbed,1985.0,S Korea,HIMN85302,"('28.843187', '83.4967752')",https://www.livemint.com/news/world/kim-jong-un-shows-off-daughter-missiles-at-n-korean-parade-11676099061735.html
RANI,Rani Peak,6693,Climbed,1970.0,Netherlands,RANI70101,"(None, None)",https://www.cp24.com/news/ottawa-spending-2m-on-new-unmarked-graves-report-lacks-transparency-official-1.6268898
HIMW,Himalchuli West,7540,Climbed,1978.0,Japan,HIMW78101,"(None, None)",https://www.elliotlaketoday.com/national-sports/canadas-kingsbury-claims-dual-moguls-silver-while-teammate-viel-brings-home-bronze-6528314
HIUP,Hiunchuli,6434,Climbed,1971.0,USA,HIUP71301,"('31.0911756', '77.3378327')",https://www.stern.de/sport/weltcup-in-den-usa--wellinger-beschert-skispringern-ersten-sieg-33188270.html
HONG,Hongde,6556,Climbed,1962.0,Japan,HONG62101,"('27.8665878', '88.1669036')",https://www.elliotlaketoday.com/national-sports/canadas-kingsbury-claims-dual-moguls-silver-while-teammate-viel-brings-home-bronze-6528314
IMJA,Imjatse,6165,Climbed,1956.0,Switzerland,IMJA56101,"(None, None)",https://www.swissinfo.ch/eng/putin-opponent-mikhail-khodorkovsky-is-planning-for-a-change-of-guard-in-the-kremlin/48278272
JAGD,Jagdula,5761,Climbed,2013.0,France,JAGD13101,"(None, None)",https://www.24heures.ch/a-chartres-la-manif-de-ceux-qui-nont-pas-lhabitude-de-manifester-339240566819
JANU,Jannu,7711,Climbed,1962.0,France,JANU62101,"('24.2547409', '89.9114574')",https://www.24heures.ch/a-chartres-la-manif-de-ceux-qui-nont-pas-lhabitude-de-manifester-339240566819
JETH,Jethi Bahurani,6850,Climbed,1978.0,Japan,JETH78101,"(None, None)",https://www.elliotlaketoday.com/national-sports/canadas-kingsbury-claims-dual-moguls-silver-while-teammate-viel-brings-home-bronze-6528314
JONG,Jongsang,7462,Climbed,1930.0,Germany,JONG30101,"(None, None)",https://www.guelphtoday.com/national-sports/canadas-cynthia-appiah-claims-monobob-bronze-at-world-cup-stop-in-austria-6528257
KABD,Kabru Dome,6600,Climbed,1982.0,India,KABD82301,"(None, None)",https://www.theguardian.com/sport/2023/feb/11/cricket-india-australia-first-test-nagpur-ravichandran-ashwin-ravindra-jadeja
KABN,Kabru North,7338,Climbed,1935.0,UK,KABN35301,"('27.7011094', '88.1483408')",https://www.standard.co.uk/news/london/gangs-of-london-felix-project-cost-of-living-crisis-london-b1059632.html
KAG1,Kagmara I,5978,Climbed,1962.0,UK,KAG162101,"(None, None)",https://www.standard.co.uk/news/london/gangs-of-london-felix-project-cost-of-living-crisis-london-b1059632.html
KAN2,Kande Hiunchuli North  II,6471,Climbed,1980.0,Switzerland,KAN280101,"(None, None)",https://www.swissinfo.ch/eng/putin-opponent-mikhail-khodorkovsky-is-planning-for-a-change-of-guard-in-the-kremlin/48278272
KANB,Kangbachen,7902,Climbed,1974.0,Poland,KANB74101,"('22.340498099999998', '114.20539679999999')",https://www.guelphtoday.com/national-sports/canadas-speedskaters-win-world-cup-gold-in-team-pursuit-6528371
KANC,Kangchenjunga Central,8473,Climbed,1978.0,Poland,KANC78102,"('27.7573362', '86.5957625')",https://www.guelphtoday.com/national-sports/canadas-speedskaters-win-world-cup-gold-in-team-pursuit-6528371
KAND,Kande Hiunchuli,6627,Climbed,1972.0,Japan,KAND72301,"('29.2371829', '82.7897262')",https://www.elliotlaketoday.com/national-sports/canadas-kingsbury-claims-dual-moguls-silver-while-teammate-viel-brings-home-bronze-6528314
KANG,Kangchenjunga,8586,Climbed,1955.0,UK,KANG55101,"('29.3759672', '82.6378812')",https://www.standard.co.uk/news/london/gangs-of-london-felix-project-cost-of-living-crisis-london-b1059632.html
KANS,Kangchenjunga South,8476,Climbed,1978.0,Poland,KANS78101,"('28.750208999999998', '84.85203078526125')",https://www.guelphtoday.com/national-sports/canadas-speedskaters-win-world-cup-gold-in-team-pursuit-6528371
KARY,Karyolung,6530,Climbed,1982.0,Japan,KARY82301,"('27.7923233', '86.817056')",https://www.elliotlaketoday.com/national-sports/canadas-kingsbury-claims-dual-moguls-silver-while-teammate-viel-brings-home-bronze-6528314
KCHN,Kangchung Nup,6043,Climbed,1953.0,UK,KCHN53101,"(None, None)",https://www.standard.co.uk/news/london/gangs-of-london-felix-project-cost-of-living-crisis-london-b1059632.html
KGUR,Kang Guru,6981,Climbed,1955.0,W Germany,KGUR55201,"('28.4895076', '84.1886093')",https://www.thestar.com/sports/soccer/2023/02/08/reus-fires-dortmund-into-german-cup-qfs-with-win-in-bochum.html
KHAT,Khatang,6790,Climbed,1982.0,Japan,KHAT82301,"('28.256616', '85.5168032')",https://www.elliotlaketoday.com/national-sports/canadas-kingsbury-claims-dual-moguls-silver-while-teammate-viel-brings-home-bronze-6528314
KJER,Kanjeralwa,6612,Climbed,1973.0,Japan,KJER73101,"('28.1964383', '85.8001908')",https://www.elliotlaketoday.com/national-sports/canadas-kingsbury-claims-dual-moguls-silver-while-teammate-viel-brings-home-bronze-6528314
KJRS,Kanjiroba South,6883,Climbed,1970.0,Japan,KJRS70301,"('48.8781677', '2.3262361')",https://www.elliotlaketoday.com/national-sports/canadas-kingsbury-claims-dual-moguls-silver-while-teammate-viel-brings-home-bronze-6528314
KOTA,Kotang,6148,Climbed,1982.0,Inida,KOTA82301,"('28.7797894', '83.4607345')",https://www.indiatvnews.com/news/india/coal-production-rises-to-34-million-tonnes-in-first-half-of-may-latest-national-news-updates-2022-05-25-779168
KTEG,Kangtega,6783,Climbed,1963.0,New Zealand,KTEG63101,"('24.6421', '105.534')",https://simpleflying.com/airbus-air-new-zealand-hydrogen-hub/
KUSU,Kusum Kanguru,6370,Climbed,1981.0,New Zealand,KUSU81302,"(None, None)",https://simpleflying.com/airbus-air-new-zealand-hydrogen-hub/
KWAN,Kwangde,6186,Climbed,1978.0,Japan,KWAN78301,"('27.9587777', '86.9437958')",https://www.elliotlaketoday.com/national-sports/canadas-kingsbury-claims-dual-moguls-silver-while-teammate-viel-brings-home-bronze-6528314
LAMJ,Lamjung Himal,6983,Climbed,1974.0,UK,LAMJ74101,"('28.2177782', '85.714613')",https://www.standard.co.uk/news/london/gangs-of-london-felix-project-cost-of-living-crisis-london-b1059632.html
LANG,Langtang Lirung,7227,Climbed,1978.0,Japan,LANG78301,"(None, None)",https://www.elliotlaketoday.com/national-sports/canadas-kingsbury-claims-dual-moguls-silver-while-teammate-viel-brings-home-bronze-6528314
LANR,Langtang Ri,7205,Climbed,1981.0,Japan,LANR81301,"('27.9140498', '87.0804271')",https://www.elliotlaketoday.com/national-sports/canadas-kingsbury-claims-dual-moguls-silver-while-teammate-viel-brings-home-bronze-6528314
LEON,Leonpo Gang,6979,Climbed,1962.0,Japan,LEON62101,"('27.8911991', '87.0886361')",https://www.elliotlaketoday.com/national-sports/canadas-kingsbury-claims-dual-moguls-silver-while-teammate-viel-brings-home-bronze-6528314
LHAS,Lha Shamma,6412,Climbed,1962.0,UK,LHAS62101,"('28.5499829', '84.5597284')",https://www.standard.co.uk/news/london/gangs-of-london-felix-project-cost-of-living-crisis-london-b1059632.html
LHOT,Lhotse,8516,Climbed,1956.0,Switzerland,LHOT56101,"('28.5839234', '84.5491371')",https://www.swissinfo.ch/eng/putin-opponent-mikhail-khodorkovsky-is-planning-for-a-change-of-guard-in-the-kremlin/48278272
MUKT,Mukut Himal,6087,Climbed,1967.0,Netherlands,MUKT67301,"(None, None)",https://www.cp24.com/news/ottawa-spending-2m-on-new-unmarked-graves-report-lacks-transparency-official-1.6268898
LNPO,Langpo,6965,Climbed,1909.0,UK,LNPO09301,"('28.4737691', '83.9275346')",https://www.standard.co.uk/news/london/gangs-of-london-felix-project-cost-of-living-crisis-london-b1059632.html
LOBE,Lobuje East,6090,Climbed,1984.0,USA,LOBE84101,"('27.7098398', '86.8686622')",https://www.stern.de/sport/weltcup-in-den-usa--wellinger-beschert-skispringern-ersten-sieg-33188270.html
LOBW,Lobuje West,6135,Climbed,1984.0,Japan,LOBW84301,"(None, None)",https://www.elliotlaketoday.com/national-sports/canadas-kingsbury-claims-dual-moguls-silver-while-teammate-viel-brings-home-bronze-6528314
LSHR,Lhotse Shar,8382,Climbed,1970.0,Austria,LSHR70101,"('43.5737361', '-116.559631')",https://www.guelphtoday.com/national-sports/canadas-cynthia-appiah-claims-monobob-bronze-at-world-cup-stop-in-austria-6528257
LSIS,Langshisa Ri,6412,Climbed,1982.0,Japan,LSIS82101,"(None, None)",https://www.elliotlaketoday.com/national-sports/canadas-kingsbury-claims-dual-moguls-silver-while-teammate-viel-brings-home-bronze-6528314
BTAK,Bhairab Takura,6799,Climbed,1960.0,Japan,BTAK60101,"('27.7768189', '88.1826901')",https://www.elliotlaketoday.com/national-sports/canadas-kingsbury-claims-dual-moguls-silver-while-teammate-viel-brings-home-bronze-6528314
MAK2,Makalu II,7678,Climbed,1954.0,UK,MAK254301,"('28.1058708', '86.7054038')",https://www.standard.co.uk/news/london/gangs-of-london-felix-project-cost-of-living-crisis-london-b1059632.html
MAKA,Makalu,8485,Climbed,1955.0,France,MAKA55101,"(None, None)",https://www.24heures.ch/a-chartres-la-manif-de-ceux-qui-nont-pas-lhabitude-de-manifester-339240566819
MANA,Manaslu,8163,Climbed,1956.0,Japan,MANA56101,"('28.6783794', '83.7353837')",https://www.elliotlaketoday.com/national-sports/canadas-kingsbury-claims-dual-moguls-silver-while-teammate-viel-brings-home-bronze-6528314
MANN,Manaslu North,6994,Climbed,1964.0,Netherlands,MANN64301,"('28.689076', '83.7440554')",https://www.cp24.com/news/ottawa-spending-2m-on-new-unmarked-graves-report-lacks-transparency-official-1.6268898
MANP,Manapathi,6380,Climbed,1956.0,Argentina,MANP56101,"('28.6541082', '83.7296456')",https://www.brasil247.com/esporte/messi-e-finalista-do-premio-the-best-da-fifa-ao-lado-de-mbappe-e-benzema
MARD,Mardi Himal,5553,Climbed,1962.0,UK,MARD62101,"('27.7542227', '86.572647')",https://www.standard.co.uk/news/london/gangs-of-london-felix-project-cost-of-living-crisis-london-b1059632.html
MERA,Mera Peak,6470,Climbed,1953.0,UK,MERA53101,"('27.8602077', '86.8060351')",https://www.standard.co.uk/news/london/gangs-of-london-felix-project-cost-of-living-crisis-london-b1059632.html
NALA,Nalakankar North,6062,Climbed,2000.0,Japan,NALA00201,"('28.2776048', '85.1871278')",https://www.elliotlaketoday.com/national-sports/canadas-kingsbury-claims-dual-moguls-silver-while-teammate-viel-brings-home-bronze-6528314
NAMP,Nampa,6729,Climbed,1972.0,Japan,NAMP72101,"(None, None)",https://www.elliotlaketoday.com/national-sports/canadas-kingsbury-claims-dual-moguls-silver-while-teammate-viel-brings-home-bronze-6528314
NCHU,Nupchu,6172,Climbed,1962.0,Japan,SPH462101,"('27.8377252', '86.5472278')",https://www.elliotlaketoday.com/national-sports/canadas-kingsbury-claims-dual-moguls-silver-while-teammate-viel-brings-home-bronze-6528314
NEMJ,Nemjung,7140,Climbed,1983.0,Japan,NEMJ83301,"('27.957236', '87.0152042')",https://www.elliotlaketoday.com/national-sports/canadas-kingsbury-claims-dual-moguls-silver-while-teammate-viel-brings-home-bronze-6528314
NEPA,Nepal Peak,7177,Climbed,1930.0,Austria,NEPA30101,"('28.1260087', '85.8674922')",https://www.guelphtoday.com/national-sports/canadas-cynthia-appiah-claims-monobob-bronze-at-world-cup-stop-in-austria-6528257
NGO2,Ngojumba Kang II,7743,Climbed,1965.0,Japan,NGO265101,"('1.83870975', '21.1110836823298')",https://www.elliotlaketoday.com/national-sports/canadas-kingsbury-claims-dual-moguls-silver-while-teammate-viel-brings-home-bronze-6528314
NGOJ,Ngojumba Kang I,7916,Climbed,1982.0,S Korea,NGOJ82302,"('3.9610848', '107.9790697')",https://www.livemint.com/news/world/kim-jong-un-shows-off-daughter-missiles-at-n-korean-parade-11676099061735.html
NILC,Nilgiri Central,6940,Climbed,1979.0,Japan,NILC79101,"('40.842629450000004', '-73.08096999756388')",https://www.elliotlaketoday.com/national-sports/canadas-kingsbury-claims-dual-moguls-silver-while-teammate-viel-brings-home-bronze-6528314
NILN,Nilgiri North,7061,Climbed,1962.0,Netherlands,NILN62301,"('14.8566915', '120.1259478')",https://www.cp24.com/news/ottawa-spending-2m-on-new-unmarked-graves-report-lacks-transparency-official-1.6268898
NILS,Nilgiri South,6839,Climbed,1978.0,Japan,NILS78301,"('27.9247682', '86.8331902')",https://www.elliotlaketoday.com/national-sports/canadas-kingsbury-claims-dual-moguls-silver-while-teammate-viel-brings-home-bronze-6528314
NUMB,Numbur,6958,Climbed,1963.0,Japan,NUMB63101,"('27.8530782', '86.882962')",https://www.elliotlaketoday.com/national-sports/canadas-kingsbury-claims-dual-moguls-silver-while-teammate-viel-brings-home-bronze-6528314
NUPT,Nuptse,7864,Climbed,1961.0,UK,NUPT61101,"('28.0160417', '86.8273988')",https://www.standard.co.uk/news/london/gangs-of-london-felix-project-cost-of-living-crisis-london-b1059632.html
OHMI,Ohmi Kangri,6839,Climbed,1985.0,Switzerland,OHMI85101,"('28.7482046', '83.1462685')",https://www.swissinfo.ch/eng/putin-opponent-mikhail-khodorkovsky-is-planning-for-a-change-of-guard-in-the-kremlin/48278272
PALD,Paldor,5903,Climbed,1949.0,UK,PALD49201,"(None, None)",https://www.standard.co.uk/news/london/gangs-of-london-felix-project-cost-of-living-crisis-london-b1059632.html
PANG,Pangbuk Ri,6625,Climbed,2011.0,USA,PANG11301,"('30.7033295', '77.7586234')",https://www.stern.de/sport/weltcup-in-den-usa--wellinger-beschert-skispringern-ersten-sieg-33188270.html
PARC,Parchamo,6279,Climbed,1955.0,UK,PARC55101,"('27.5946131', '88.0897953')",https://www.standard.co.uk/news/london/gangs-of-london-felix-project-cost-of-living-crisis-london-b1059632.html
PETH,Pethangtse,6739,Climbed,1954.0,New Zealand,PETH54101,"(None, None)",https://simpleflying.com/airbus-air-new-zealand-hydrogen-hub/
PHUR,Phurbi Chhyachu,6637,Climbed,1982.0,Japan,PHUR82101,"(None, None)",https://www.elliotlaketoday.com/national-sports/canadas-kingsbury-claims-dual-moguls-silver-while-teammate-viel-brings-home-bronze-6528314
PIMU,Pimu,6344,Climbed,1955.0,UK,PIMU55101,"('29.855562550000002', '81.29834088989848')",https://www.standard.co.uk/news/london/gangs-of-london-felix-project-cost-of-living-crisis-london-b1059632.html
PISA,Pisang,6091,Climbed,1955.0,W Germany,PISA55201,"('27.9496738', '86.9833813')",https://www.thestar.com/sports/soccer/2023/02/08/reus-fires-dortmund-into-german-cup-qfs-with-win-in-bochum.html
PK29,Peak 29,7871,Climbed,1979.0,Poland,PK2979101,"(None, None)",https://www.guelphtoday.com/national-sports/canadas-speedskaters-win-world-cup-gold-in-team-pursuit-6528371
POIN,Pointed Peak,5850,Climbed,1953.0,UK,POIN53101,"(None, None)",https://www.standard.co.uk/news/london/gangs-of-london-felix-project-cost-of-living-crisis-london-b1059632.html
POKA,Pokalde,5780,Climbed,1953.0,UK,POKA53101,"(None, None)",https://www.standard.co.uk/news/london/gangs-of-london-felix-project-cost-of-living-crisis-london-b1059632.html
OMBG,Ombigaichen,6340,Climbed,1960.0,New Zealand,OMBG60301,"('28.782078', '83.4838316')",https://simpleflying.com/airbus-air-new-zealand-hydrogen-hub/
PUMO,Pumori,7138,Climbed,1962.0,W Germany,PUMO62101,"('29.97526215', '31.137534877312774')",https://www.thestar.com/sports/soccer/2023/02/08/reus-fires-dortmund-into-german-cup-qfs-with-win-in-bochum.html
PUTH,Putha Hiunchuli,7246,Climbed,1954.0,UK,PUTH54301,"(None, None)",https://www.standard.co.uk/news/london/gangs-of-london-felix-project-cost-of-living-crisis-london-b1059632.html
PYRM,Pyramid Peak,7140,Climbed,1993.0,Japan,PYRM93101,"('27.8973138', '86.7793702')",https://www.elliotlaketoday.com/national-sports/canadas-kingsbury-claims-dual-moguls-silver-while-teammate-viel-brings-home-bronze-6528314
RAKS,Raksha Urai,6609,Climbed,2003.0,France,RAKS03301,"('27.7914626', '88.1971372')",https://www.24heures.ch/a-chartres-la-manif-de-ceux-qui-nont-pas-lhabitude-de-manifester-339240566819
RAMD,Ramdung,5900,Climbed,1952.0,UK,RAMD52301,"('27.7898577', '86.785298')",https://www.standard.co.uk/news/london/gangs-of-london-felix-project-cost-of-living-crisis-london-b1059632.html
RATH,Rathong,6682,Climbed,1964.0,India,RATH64301,"(None, None)",https://www.theguardian.com/sport/2023/feb/11/cricket-india-australia-first-test-nagpur-ravichandran-ashwin-ravindra-jadeja
ROCN,Roc Noir,7485,Climbed,1969.0,W Germany,ROCN69101,"('60.2625935', '24.8537182')",https://www.thestar.com/sports/soccer/2023/02/08/reus-fires-dortmund-into-german-cup-qfs-with-win-in-bochum.html
ROKA,Rokapi,6468,Climbed,1977.0,UK,ROKA77301,"('27.6548025', '88.1301939')",https://www.standard.co.uk/news/london/gangs-of-london-felix-project-cost-of-living-crisis-london-b1059632.html
SAIE,Saipal East Humla,6925,Climbed,1990.0,Switzerland,SAIP90301,"('8.783333', '12.416667')",https://www.swissinfo.ch/eng/putin-opponent-mikhail-khodorkovsky-is-planning-for-a-change-of-guard-in-the-kremlin/48278272
SAIP,Saipal,7030,Climbed,1963.0,Japan,SAIP63301,"(None, None)",https://www.elliotlaketoday.com/national-sports/canadas-kingsbury-claims-dual-moguls-silver-while-teammate-viel-brings-home-bronze-6528314
SHA2,Shartse II,7457,Climbed,1974.0,Austria,SHA274101,"('28.7108973', '83.6452283')",https://www.guelphtoday.com/national-sports/canadas-cynthia-appiah-claims-monobob-bronze-at-world-cup-stop-in-austria-6528257
SHEY,Shey Shikhar,6139,Climbed,2007.0,Japan,SHEY07201,"(None, None)",https://www.elliotlaketoday.com/national-sports/canadas-kingsbury-claims-dual-moguls-silver-while-teammate-viel-brings-home-bronze-6528314
SING,Singu Chuli,6501,Climbed,1957.0,UK,SING57101,"('28.6891711', '83.379961')",https://www.standard.co.uk/news/london/gangs-of-london-felix-project-cost-of-living-crisis-london-b1059632.html
SISN,Sisne Himal,5911,Climbed,2013.0,Nepal,SISN13101,"(None, None)",https://www.reuters.com/lifestyle/stars-align-prabal-gurungs-new-york-fashion-week-runway-show-2023-02-11/
SITA,Sita Chuchura,6611,Climbed,1970.0,Japan,SITA70301,"('28.0729512', '86.6124231')",https://www.elliotlaketoday.com/national-sports/canadas-kingsbury-claims-dual-moguls-silver-while-teammate-viel-brings-home-bronze-6528314
SPHN,Sphinx,6825,Climbed,1936.0,UK,SPHN36101,"('29.75565275', '82.69869791991958')",https://www.standard.co.uk/news/london/gangs-of-london-felix-project-cost-of-living-crisis-london-b1059632.html
SPH1,Sharphu I,6433,Climbed,1963.0,Japan,SPH163301,"(None, None)",https://www.elliotlaketoday.com/national-sports/canadas-kingsbury-claims-dual-moguls-silver-while-teammate-viel-brings-home-bronze-6528314
TAWO,Tawoche,6495,Climbed,1974.0,France,TAWO74101,"(None, None)",https://www.24heures.ch/a-chartres-la-manif-de-ceux-qui-nont-pas-lhabitude-de-manifester-339240566819
KIRA,Kirat Chuli,7362,Climbed,1939.0,Switzerland,KIRA39101,"(None, None)",https://www.swissinfo.ch/eng/putin-opponent-mikhail-khodorkovsky-is-planning-for-a-change-of-guard-in-the-kremlin/48278272
THAM,Thamserku,6618,Climbed,1964.0,New Zealand,THAM64301,"(None, None)",https://simpleflying.com/airbus-air-new-zealand-hydrogen-hub/
THAR,Tharpu Chuli,5695,Climbed,1964.0,Japan,THAR64301,"(None, None)",https://www.elliotlaketoday.com/national-sports/canadas-kingsbury-claims-dual-moguls-silver-while-teammate-viel-brings-home-bronze-6528314
TILI,Tilicho,7134,Climbed,1978.0,France,TILI78301,"(None, None)",https://www.24heures.ch/a-chartres-la-manif-de-ceux-qui-nont-pas-lhabitude-de-manifester-339240566819
TLNG,Talung,7349,Climbed,1964.0,W Germany,TLNG64101,"(None, None)",https://www.thestar.com/sports/soccer/2023/02/08/reus-fires-dortmund-into-german-cup-qfs-with-win-in-bochum.html
TONG,Tongu,6187,Climbed,1959.0,USA,TONG59301,"(None, None)",https://www.stern.de/sport/weltcup-in-den-usa--wellinger-beschert-skispringern-ersten-sieg-33188270.html
TRIP,Tripura Hiunchuli,6553,Climbed,1986.0,Japan,TRIP86301,"(None, None)",https://www.elliotlaketoday.com/national-sports/canadas-kingsbury-claims-dual-moguls-silver-while-teammate-viel-brings-home-bronze-6528314
TSOK,Tso Karpo Kang,6556,Climbed,1971.0,Japan,TSOK71301,"(None, None)",https://www.elliotlaketoday.com/national-sports/canadas-kingsbury-claims-dual-moguls-silver-while-teammate-viel-brings-home-bronze-6528314
TUKU,Tukuche,6920,Climbed,1970.0,Japan,TUKU70101,"(None, None)",https://www.elliotlaketoday.com/national-sports/canadas-kingsbury-claims-dual-moguls-silver-while-teammate-viel-brings-home-bronze-6528314
URKM,Urkinmang,6143,Climbed,1964.0,Japan,URKM64101,"(None, None)",https://www.elliotlaketoday.com/national-sports/canadas-kingsbury-claims-dual-moguls-silver-while-teammate-viel-brings-home-bronze-6528314
TSUR,Tsaurabong Peak,6395,Climbed,1974.0,Japan,TSUR74101,"(None, None)",https://www.elliotlaketoday.com/national-sports/canadas-kingsbury-claims-dual-moguls-silver-while-teammate-viel-brings-home-bronze-6528314
YALU,Yalung Kang,8505,Climbed,1973.0,Japan,YALU73101,"(None, None)",https://www.elliotlaketoday.com/national-sports/canadas-kingsbury-claims-dual-moguls-silver-while-teammate-viel-brings-home-bronze-6528314
PASA,Pasang Lhamu Chuli,7350,Climbed,1986.0,Japan,PASA86301,"(None, None)",https://www.elliotlaketoday.com/national-sports/canadas-kingsbury-claims-dual-moguls-silver-while-teammate-viel-brings-home-bronze-6528314
RATC,Ratna Chuli,7035,Climbed,1996.0,Japan,RATC96301,"(None, None)",https://www.elliotlaketoday.com/national-sports/canadas-kingsbury-claims-dual-moguls-silver-while-teammate-viel-brings-home-bronze-6528314
KANT,Kanti Himal,6850,Climbed,2002.0,Japan,KANT02301,"('29.0458971', '84.1879231')",https://www.elliotlaketoday.com/national-sports/canadas-kingsbury-claims-dual-moguls-silver-while-teammate-viel-brings-home-bronze-6528314
RAMT,Ramtang,6601,Climbed,1930.0,Austria,RAMT30101,"('27.8041816', '86.5953665')",https://www.guelphtoday.com/national-sports/canadas-cynthia-appiah-claims-monobob-bronze-at-world-cup-stop-in-austria-6528257
LING,Lingtren,6713,Climbed,1935.0,UK,LING35201,"(None, None)",https://www.standard.co.uk/news/london/gangs-of-london-felix-project-cost-of-living-crisis-london-b1059632.html
TENG,Tengkoma,6215,Climbed,1949.0,Switzerland,TENG49101,"('28.885', '84.1719123')",https://www.swissinfo.ch/eng/putin-opponent-mikhail-khodorkovsky-is-planning-for-a-change-of-guard-in-the-kremlin/48278272
RAMC,Ramtang Chang,6802,Climbed,1974.0,Yugoslavia,RAMC74301,"('28.2477839', '85.4711879')",https://variety.com/2023/film/global/beta-cinema-operation-napoleon-iain-glen-olafur-darri-olafsson-1235510212/
CHRE,Churen Himal East,7371,Climbed,1970.0,S Korea,CHRE70101,"('27.6875828', '86.9024898')",https://www.livemint.com/news/world/kim-jong-un-shows-off-daughter-missiles-at-n-korean-parade-11676099061735.html
CHRW,Churen Himal West,7371,Climbed,1970.0,Japan,CHRW70301,"(None, None)",https://www.elliotlaketoday.com/national-sports/canadas-kingsbury-claims-dual-moguls-silver-while-teammate-viel-brings-home-bronze-6528314
CHRI,Chhukung Ri,5550,Climbed,1965.0,Netherlands,CHRI65101,"(None, None)",https://www.cp24.com/news/ottawa-spending-2m-on-new-unmarked-graves-report-lacks-transparency-official-1.6268898
KTOK,Kangtokal,6294,Climbed,1962.0,Japan,KTOK62101,"('27.9262151', '87.0543761')",https://www.elliotlaketoday.com/national-sports/canadas-kingsbury-claims-dual-moguls-silver-while-teammate-viel-brings-home-bronze-6528314
SRKU,Serku Dolma,6227,Climbed,1973.0,Japan,SRKU73301,"(None, None)",https://www.elliotlaketoday.com/national-sports/canadas-kingsbury-claims-dual-moguls-silver-while-teammate-viel-brings-home-bronze-6528314
NALS,Nalakankar South,6024,Climbed,2000.0,Japan,NALS00201,"('27.7743642', '86.9080353')",https://www.elliotlaketoday.com/national-sports/canadas-kingsbury-claims-dual-moguls-silver-while-teammate-viel-brings-home-bronze-6528314
CHWT,Changwathang,6130,Climbed,2000.0,Japan,CHWT00201,"(None, None)",https://www.elliotlaketoday.com/national-sports/canadas-kingsbury-claims-dual-moguls-silver-while-teammate-viel-brings-home-bronze-6528314
TAKP,Takphu Himal,6395,Climbed,2018.0,UK,TAKP18301,"('30.6824948', '78.588251')",https://www.standard.co.uk/news/london/gangs-of-london-felix-project-cost-of-living-crisis-london-b1059632.html
MALA,Malanphulan,6573,Climbed,2000.0,USA,MALA00101,"('13.223166', '14.932821')",https://www.stern.de/sport/weltcup-in-den-usa--wellinger-beschert-skispringern-ersten-sieg-33188270.html
LHOM,Lhotse Middle,8410,Climbed,2001.0,Russia,LHOM01101,"(None, None)",https://www.otempo.com.br/politica/governo/macron-a-lula-sobre-plano-de-paz-na-guerra-da-ucrania-vamos-juntos-1.2812440
SIMN,Simnang Himal,6251,Climbed,2001.0,Ukraine,SIMN01101,"('28.0729512', '86.6124231')",https://www.lapresse.ca/international/europe/2023-02-11/le-dirigeant-du-groupe-wagner-estime-que-la-guerre-en-ukraine-pourrait-durer-plusieurs-annees.php
HCHI,Hungchhi,7029,Climbed,2003.0,Japan,HCHI03102,"('28.8547343', '119.4039832')",https://www.elliotlaketoday.com/national-sports/canadas-kingsbury-claims-dual-moguls-silver-while-teammate-viel-brings-home-bronze-6528314
CHUK,Chhukung Tse,5833,Climbed,1953.0,UK,CHUK53101,"('27.7548759', '86.8223253')",https://www.standard.co.uk/news/london/gangs-of-london-felix-project-cost-of-living-crisis-london-b1059632.html
DZAN,Dzanye,6581,Climbed,1949.0,Switzerland,DZAN49101,"('47.4878529', '3.9072438')",https://www.swissinfo.ch/eng/putin-opponent-mikhail-khodorkovsky-is-planning-for-a-change-of-guard-in-the-kremlin/48278272
GAUG,Gaugiri,6110,Climbed,2002.0,USA,GAUG02101,"(None, None)",https://www.stern.de/sport/weltcup-in-den-usa--wellinger-beschert-skispringern-ersten-sieg-33188270.html
TKPO,Tengkangpoche,6482,Climbed,1984.0,UK,TKPO84301,"(None, None)",https://www.standard.co.uk/news/london/gangs-of-london-felix-project-cost-of-living-crisis-london-b1059632.html
ARNK,Arniko Chuli,6034,Climbed,2002.0,Japan,ARNK02201,"(None, None)",https://www.elliotlaketoday.com/national-sports/canadas-kingsbury-claims-dual-moguls-silver-while-teammate-viel-brings-home-bronze-6528314
SARI,Saribung,6328,Climbed,2003.0,USA,SARI03301,"(None, None)",https://www.stern.de/sport/weltcup-in-den-usa--wellinger-beschert-skispringern-ersten-sieg-33188270.html
GHEN,Ghenge Liru,6596,Climbed,1963.0,UK,GHEN63101,"('28.2709798', '85.6304978')",https://www.standard.co.uk/news/london/gangs-of-london-felix-project-cost-of-living-crisis-london-b1059632.html
NAUL,Naulekh,6340,Climbed,1954.0,New Zealand,NAUL54101,"('27.6204953', '88.0063936')",https://simpleflying.com/airbus-air-new-zealand-hydrogen-hub/
CHEK,Chekigo,6121,Climbed,2005.0,UK,CHEK05101,"('46.846394', '25.104374')",https://www.standard.co.uk/news/london/gangs-of-london-felix-project-cost-of-living-crisis-london-b1059632.html
KTUN,Khatung Khang,6484,Climbed,1956.0,Switzerland,KTUN56101,"('27.648982', '85.07013194042928')",https://www.swissinfo.ch/eng/putin-opponent-mikhail-khodorkovsky-is-planning-for-a-change-of-guard-in-the-kremlin/48278272
CHAG,Chago,6893,Climbed,1954.0,New Zealand,CHAG54101,"(None, None)",https://simpleflying.com/airbus-air-new-zealand-hydrogen-hub/
NUMR,Numri,6635,Climbed,2002.0,Germany,NUMR02301,"(None, None)",https://www.guelphtoday.com/national-sports/canadas-cynthia-appiah-claims-monobob-bronze-at-world-cup-stop-in-austria-6528257
PK41,Peak 41,6648,Climbed,2002.0,Slovenia,PK4102301,"(None, None)",https://www.gazzetta.it/montagna/07-02-2023/slovenia-piste-da-sci-imperdibili-ecco-dove-praticare-sport-sulla-neve.shtml
KYAZ,Kyazo Ri,6151,Climbed,2002.0,UK,KYAZ02301,"('-20.4289101', '32.6809123')",https://www.standard.co.uk/news/london/gangs-of-london-felix-project-cost-of-living-crisis-london-b1059632.html
PAND,Pandra,6670,Climbed,2002.0,Denmark,PAND02301,"('46.44949325', '4.123719545969291')",https://techcrunch.com/2023/02/09/lunar-the-danish-neobank-last-year-valued-at-2-2b-raises-38m-to-shoot-for-the-profitability-moon/
DANG,Danga,6220,Climbed,2002.0,Denmark,DANG02301,"('27.5991207', '86.9088123')",https://techcrunch.com/2023/02/09/lunar-the-danish-neobank-last-year-valued-at-2-2b-raises-38m-to-shoot-for-the-profitability-moon/
POKR,Pokharkang,6372,Climbed,2002.0,UK,POKR02301,"(None, None)",https://www.standard.co.uk/news/london/gangs-of-london-felix-project-cost-of-living-crisis-london-b1059632.html
NAG1,Nangpai Gosum I,7321,Climbed,2017.0,Germany,NAG117301,"(None, None)",https://www.guelphtoday.com/national-sports/canadas-cynthia-appiah-claims-monobob-bronze-at-world-cup-stop-in-austria-6528257
TASH,Tashi Kang,6386,Climbed,2002.0,Japan,TASH02201,"('26.1999813', '91.9775417')",https://www.elliotlaketoday.com/national-sports/canadas-kingsbury-claims-dual-moguls-silver-while-teammate-viel-brings-home-bronze-6528314
TENR,Tengi Ragi Tau,6938,Climbed,2002.0,Japan,TENR02401,"(None, None)",https://www.elliotlaketoday.com/national-sports/canadas-kingsbury-claims-dual-moguls-silver-while-teammate-viel-brings-home-bronze-6528314
KYAS,Kyashar,6770,Climbed,2003.0,UK,KYAS03301,"(None, None)",https://www.standard.co.uk/news/london/gangs-of-london-felix-project-cost-of-living-crisis-london-b1059632.html
NORB,Norbu Kang,6085,Climbed,2003.0,Japan,NORB03201,"(None, None)",https://www.elliotlaketoday.com/national-sports/canadas-kingsbury-claims-dual-moguls-silver-while-teammate-viel-brings-home-bronze-6528314
LNKE,Lunchhung Kamo East,6024,Climbed,1999.0,Japan,LNKE99201,"(None, None)",https://www.elliotlaketoday.com/national-sports/canadas-kingsbury-claims-dual-moguls-silver-while-teammate-viel-brings-home-bronze-6528314
LIK1,Linkhu Chuli Shar,6719,Climbed,2013.0,Germany,LIK113301,"(None, None)",https://www.guelphtoday.com/national-sports/canadas-cynthia-appiah-claims-monobob-bronze-at-world-cup-stop-in-austria-6528257
LIK2,Linkhu Chuli Nup,6659,Climbed,1960.0,France,LIK260301,"(None, None)",https://www.24heures.ch/a-chartres-la-manif-de-ceux-qui-nont-pas-lhabitude-de-manifester-339240566819
PANT,Panalotapa,6687,Climbed,1955.0,UK,PANT55101,"('28.2968281', '85.6677275')",https://www.standard.co.uk/news/london/gangs-of-london-felix-project-cost-of-living-crisis-london-b1059632.html
SHAL,Shalbachum,6707,Climbed,1959.0,Japan,SHAL59301,"(None, None)",https://www.elliotlaketoday.com/national-sports/canadas-kingsbury-claims-dual-moguls-silver-while-teammate-viel-brings-home-bronze-6528314
BOKT,Boktoh,6114,Climbed,1991.0,Yugoslavia,BOKT91101,"(None, None)",https://variety.com/2023/film/global/beta-cinema-operation-napoleon-iain-glen-olafur-darri-olafsson-1235510212/
MOJC,Mojca,6024,Climbed,1974.0,Yugoslavia,MOJC74301,"(None, None)",https://variety.com/2023/film/global/beta-cinema-operation-napoleon-iain-glen-olafur-darri-olafsson-1235510212/
PLNG,Palung,7012,Climbed,1952.0,New Zealand,PLNG52101,"(None, None)",https://simpleflying.com/airbus-air-new-zealand-hydrogen-hub/
NUPE,Nuptse East I,7795,Climbed,2003.0,Russia,NUPE03301,"('27.8369772', '87.1407882')",https://www.otempo.com.br/politica/governo/macron-a-lula-sobre-plano-de-paz-na-guerra-da-ucrania-vamos-juntos-1.2812440
HIMJ,Himjung,7092,Climbed,2012.0,S Korea,HIMJ12301,"('28.6364017', '84.6946649')",https://www.livemint.com/news/world/kim-jong-un-shows-off-daughter-missiles-at-n-korean-parade-11676099061735.html
AMPH,Amphu I,6740,Climbed,2013.0,S Korea,AMPH13301,"(None, None)",https://www.livemint.com/news/world/kim-jong-un-shows-off-daughter-missiles-at-n-korean-parade-11676099061735.html
CHAK,Chako,6704,Climbed,2007.0,Japan,CHAK07201,"('58.6442634', '-134.591263')",https://www.elliotlaketoday.com/national-sports/canadas-kingsbury-claims-dual-moguls-silver-while-teammate-viel-brings-home-bronze-6528314
DOMK,Dome Kang,7264,Climbed,2009.0,Spain,DOMK09101,"('28.0434251', '86.5664238')",https://www.liverpoolecho.co.uk/news/uk-world-news/spain-turkey-france-update-travel-26210245
HUNK,Hunku,6119,Climbed,2012.0,UK,HUNK12302,"('66.91177635', '13.353994728163736')",https://www.standard.co.uk/news/london/gangs-of-london-felix-project-cost-of-living-crisis-london-b1059632.html
JANK,Janak Chuli,7041,Climbed,2006.0,Slovenia,JANK06101,"(None, None)",https://www.gazzetta.it/montagna/07-02-2023/slovenia-piste-da-sci-imperdibili-ecco-dove-praticare-sport-sulla-neve.shtml
KABS,Kabru South,7318,Climbed,1994.0,India,KABS94101,"('29.6720812', '83.0083371')",https://www.theguardian.com/sport/2023/feb/11/cricket-india-australia-first-test-nagpur-ravichandran-ashwin-ravindra-jadeja
KABR,Kabru Main,7412,Climbed,1994.0,India,KABR94101,"(None, None)",https://www.theguardian.com/sport/2023/feb/11/cricket-india-australia-first-test-nagpur-ravichandran-ashwin-ravindra-jadeja
LASH,Lashar I,6842,Climbed,2005.0,Slovenia,LASH05301,"('28.7819689', '83.9268777')",https://www.gazzetta.it/montagna/07-02-2023/slovenia-piste-da-sci-imperdibili-ecco-dove-praticare-sport-sulla-neve.shtml
NANG,Nangamari I,6547,Climbed,2010.0,Australia,NANG10301,"('47.4115613', '2.9273937')",https://www.theguardian.com/sport/2023/feb/11/cricket-india-australia-first-test-nagpur-ravichandran-ashwin-ravindra-jadeja
PANB,Panbari,6905,Climbed,2006.0,Japan,PANB06301,"(None, None)",https://www.elliotlaketoday.com/national-sports/canadas-kingsbury-claims-dual-moguls-silver-while-teammate-viel-brings-home-bronze-6528314
PHNH,Phungi Himal,6538,Climbed,2017.0,Russia,PHNH17301,"('28.8905703', '84.2446501')",https://www.otempo.com.br/politica/governo/macron-a-lula-sobre-plano-de-paz-na-guerra-da-ucrania-vamos-juntos-1.2812440
TKRG,Takargo,6771,Climbed,2010.0,USA,TKRG10101,"(None, None)",https://www.stern.de/sport/weltcup-in-den-usa--wellinger-beschert-skispringern-ersten-sieg-33188270.html
THUL,Thulagi,7059,Climbed,2015.0,Russia,THUL15301,"('27.9480862', '86.7227096')",https://www.otempo.com.br/politica/governo/macron-a-lula-sobre-plano-de-paz-na-guerra-da-ucrania-vamos-juntos-1.2812440
JOMS,Jomsom Himal,6335,Climbed,2003.0,France,JOMS03301,"(None, None)",https://www.24heures.ch/a-chartres-la-manif-de-ceux-qui-nont-pas-lhabitude-de-manifester-339240566819
BAMO,Bamongo,6406,Climbed,2013.0,Nepal,BAMO13301,"(None, None)",https://www.reuters.com/lifestyle/stars-align-prabal-gurungs-new-york-fashion-week-runway-show-2023-02-11/
DING,Dingjung North,6249,Climbed,1955.0,UK,DING55101,"(None, None)",https://www.standard.co.uk/news/london/gangs-of-london-felix-project-cost-of-living-crisis-london-b1059632.html
KNAG,Kang Nagchugo,6737,Climbed,2008.0,USA,KNAG08301,"(None, None)",https://www.stern.de/sport/weltcup-in-den-usa--wellinger-beschert-skispringern-ersten-sieg-33188270.html
KYR1,Kyungka Ri 1,6599,Climbed,2017.0,S Korea,KYR117301,"(None, None)",https://www.livemint.com/news/world/kim-jong-un-shows-off-daughter-missiles-at-n-korean-parade-11676099061735.html
KOJI,Kojichuwa Chuli,6439,Climbed,2010.0,Japan,KOJI10101,"(None, None)",https://www.elliotlaketoday.com/national-sports/canadas-kingsbury-claims-dual-moguls-silver-while-teammate-viel-brings-home-bronze-6528314
CHIV,Chhiv Himal,6650,Climbed,2004.0,Japan,CHIV04301,"(None, None)",https://www.elliotlaketoday.com/national-sports/canadas-kingsbury-claims-dual-moguls-silver-while-teammate-viel-brings-home-bronze-6528314
LMOC,Langmoche Ri,6552,Climbed,2012.0,USA,LMOC12301,"('28.325673', '85.6614726')",https://www.stern.de/sport/weltcup-in-den-usa--wellinger-beschert-skispringern-ersten-sieg-33188270.html
LCHA,Lachama Chuli,6721,Climbed,2007.0,Japan,LCHA07301,"(None, None)",https://www.elliotlaketoday.com/national-sports/canadas-kingsbury-claims-dual-moguls-silver-while-teammate-viel-brings-home-bronze-6528314
TSAR,Tsartse,6343,Climbed,2018.0,Japan,TSAR18301,"(None, None)",https://www.elliotlaketoday.com/national-sports/canadas-kingsbury-claims-dual-moguls-silver-while-teammate-viel-brings-home-bronze-6528314
YAKA,Yakawa Kang,6482,Climbed,2010.0,Japan,YAKA10301,"(None, None)",https://www.elliotlaketoday.com/national-sports/canadas-kingsbury-claims-dual-moguls-silver-while-teammate-viel-brings-home-bronze-6528314
YAUP,Yaupa,6422,Climbed,1989.0,UK,YAUP89301,"('43.1358279', '-89.2762273')",https://www.standard.co.uk/news/london/gangs-of-london-felix-project-cost-of-living-crisis-london-b1059632.html
TILK,Til Kang,6369,Climbed,2018.0,UK,TILK18301,"(None, None)",https://www.standard.co.uk/news/london/gangs-of-london-felix-project-cost-of-living-crisis-london-b1059632.html
SALW,Saldim West,6388,Climbed,2016.0,Romania,SALW16301,"('22.6854791', '112.220149')",https://www.promotor.ro/stiri-auto/colectionarii-din-romania-aleg-tot-mai-des-masini-din-sua-un-chevrolet-bel-air-tocmai-a-fost-inmatriculat-19145400
SAMD,Samdo,6335,Climbed,2009.0,Japan,SAMD09302,"('28.045283', '86.7490845')",https://www.elliotlaketoday.com/national-sports/canadas-kingsbury-claims-dual-moguls-silver-while-teammate-viel-brings-home-bronze-6528314
PURK,Purkhung,6126,Climbed,2004.0,Japan,PURK04201,"(None, None)",https://www.elliotlaketoday.com/national-sports/canadas-kingsbury-claims-dual-moguls-silver-while-teammate-viel-brings-home-bronze-6528314
DZAS,Dzasampatse,6295,Climbed,2004.0,Slovenia,DZAS04301,"(None, None)",https://www.gazzetta.it/montagna/07-02-2023/slovenia-piste-da-sci-imperdibili-ecco-dove-praticare-sport-sulla-neve.shtml
MUPK,Mustang Peak,6229,Climbed,2001.0,Japan,MUPK01301,"(None, None)",https://www.elliotlaketoday.com/national-sports/canadas-kingsbury-claims-dual-moguls-silver-while-teammate-viel-brings-home-bronze-6528314
JOBO,Jobo Rinjang,6778,Climbed,2009.0,USA,JOBO09101,"(None, None)",https://www.stern.de/sport/weltcup-in-den-usa--wellinger-beschert-skispringern-ersten-sieg-33188270.html
KUML,Kumlung,6355,Climbed,2008.0,France,KUML08301,"(None, None)",https://www.24heures.ch/a-chartres-la-manif-de-ceux-qui-nont-pas-lhabitude-de-manifester-339240566819
MERR,Merra,6334,Climbed,2006.0,Denmark,MERR06301,"(None, None)",https://techcrunch.com/2023/02/09/lunar-the-danish-neobank-last-year-valued-at-2-2b-raises-38m-to-shoot-for-the-profitability-moon/
YANK,Yanme Kang,6206,Climbed,2017.0,France,YANK17301,"(None, None)",https://www.24heures.ch/a-chartres-la-manif-de-ceux-qui-nont-pas-lhabitude-de-manifester-339240566819
DANS,Danphe Shail,6103,Climbed,2017.0,France,DANS17301,"(None, None)",https://www.24heures.ch/a-chartres-la-manif-de-ceux-qui-nont-pas-lhabitude-de-manifester-339240566819
PHAR,Pharilapcha,6017,Climbed,2003.0,Nepal,PHAR03101,"(None, None)",https://www.reuters.com/lifestyle/stars-align-prabal-gurungs-new-york-fashion-week-runway-show-2023-02-11/
THOR,Thorong Peak,6144,Climbed,2007.0,Japan,THOR07301,"('27.8720615', '86.9796489')",https://www.elliotlaketoday.com/national-sports/canadas-kingsbury-claims-dual-moguls-silver-while-teammate-viel-brings-home-bronze-6528314
CHKA,Chamar Kang,6060,Climbed,2007.0,Japan,CHKA07301,"(None, None)",https://www.elliotlaketoday.com/national-sports/canadas-kingsbury-claims-dual-moguls-silver-while-teammate-viel-brings-home-bronze-6528314
NUPK,Nupche Kang,6576,Climbed,1964.0,W Germany,NUPK64101,"(None, None)",https://www.thestar.com/sports/soccer/2023/02/08/reus-fires-dortmund-into-german-cup-qfs-with-win-in-bochum.html
KAKU,Kang Kuru,6344,Climbed,2008.0,USA,KAKU08101,"(None, None)",https://www.stern.de/sport/weltcup-in-den-usa--wellinger-beschert-skispringern-ersten-sieg-33188270.html
AMPM,Amphu Middle,6202,Climbed,2008.0,Germany,AMPM08101,"(None, None)",https://www.guelphtoday.com/national-sports/canadas-cynthia-appiah-claims-monobob-bronze-at-world-cup-stop-in-austria-6528257
LUGU,Lugula,6899,Climbed,2010.0,France,LUGU10301,"(None, None)",https://www.24heures.ch/a-chartres-la-manif-de-ceux-qui-nont-pas-lhabitude-de-manifester-339240566819
BHRS,Bhrikuti Shail,6361,Climbed,2005.0,France,BHRS05101,"(None, None)",https://www.24heures.ch/a-chartres-la-manif-de-ceux-qui-nont-pas-lhabitude-de-manifester-339240566819
TOBS,Tobsar,6065,Climbed,2017.0,Nepal,TOBS17301,"(None, None)",https://www.reuters.com/lifestyle/stars-align-prabal-gurungs-new-york-fashion-week-runway-show-2023-02-11/
DINS,Dingjung Ri,6196,Climbed,2008.0,Japan,DINS08101,"(None, None)",https://www.elliotlaketoday.com/national-sports/canadas-kingsbury-claims-dual-moguls-silver-while-teammate-viel-brings-home-bronze-6528314
DUDH,Dudh Kundali,6045,Climbed,1953.0,Austria,DUDH53301,"('28.6279873', '84.5435306')",https://www.guelphtoday.com/national-sports/canadas-cynthia-appiah-claims-monobob-bronze-at-world-cup-stop-in-austria-6528257
KAGA,Kanta Gaton,5910,Climbed,2009.0,France,KAGA09201,"(None, None)",https://www.24heures.ch/a-chartres-la-manif-de-ceux-qui-nont-pas-lhabitude-de-manifester-339240566819
KAPT,Kaptang,5965,Climbed,2009.0,Japan,KAPT09201,"(None, None)",https://www.elliotlaketoday.com/national-sports/canadas-kingsbury-claims-dual-moguls-silver-while-teammate-viel-brings-home-bronze-6528314
RIPI,Ripimo Shar,6647,Climbed,1952.0,UK,RIPI52101,"('27.675545', '85.3609485')",https://www.standard.co.uk/news/london/gangs-of-london-felix-project-cost-of-living-crisis-london-b1059632.html
TSIS,Tsisima,6196,Climbed,1963.0,Japan,TSIS63101,"(None, None)",https://www.elliotlaketoday.com/national-sports/canadas-kingsbury-claims-dual-moguls-silver-while-teammate-viel-brings-home-bronze-6528314
